costura,1,1
indumentaria,,
youtube,,
tips,,
tutoriales,,
cervecería,,
cerveceria,,
desayunos,,
meriendas,,
picadas,,
tienda,,
online,,
minorista,,
mayorista,,
envios,,
envíos,,
consulta,,
info,,
mamá,,
mama,,
mercadopago,,
mercado,,
jueves,,
viernes,,
sabado,,
sábado,,
domingo,,
lunes,,
martes,,
miercoles,,
miércoles,,
whatsapp,,
reservas,,
gourmet,,
accesorios,,
limpieza,,
horario,,
swim,,
pick,,
local,,
worldwide,,
shipping,,
shop,,
ensaladas,,
precio,,
precios,,
contacto,,
encargos,,
encargues,,
domicilio,,
showroom,,
fashion,,
carteras,,
stock,,
pastelería,,
pasteleria,,
pedidos,,
consultas,,
salon,,
turnos,,
turno,,
